"Title ID",Rating,"Last Modified Date"
tt1935156,9,2026-02-09T23:27:39.722Z
tt16227014,9,2026-02-09T23:27:29.964Z
tt12593682,7,2026-02-09T00:20:52.019Z
tt0266915,7,2026-02-08T22:33:47.689Z
tt0120812,7,2026-02-08T22:33:38.916Z
tt0067741,7,2026-02-08T03:27:27.426Z
tt1064932,6,2026-02-07T01:43:14.996Z
tt0076740,8,2026-02-06T03:55:19.656Z
tt0051372,7,2026-02-03T03:34:24.432Z
tt0072890,7,2026-02-02T03:39:28.438Z
tt0471030,7,2026-01-30T22:14:12.121Z
tt14905854,9,2026-01-25T19:18:03.756Z
tt15339456,8,2026-01-24T05:02:52.302Z
tt6217608,8,2026-01-23T00:32:32.461Z
tt32472708,7,2026-01-22T21:44:19.041Z
tt31450976,7,2026-01-20T18:10:51.168Z
tt1564367,6,2026-01-18T02:56:54.214Z
tt10236164,9,2026-01-02T16:44:09.829Z
tt0096657,9,2025-12-24T14:39:26.069Z
tt5918982,9,2025-12-23T18:33:05.989Z
tt2121382,8,2025-12-22T23:47:42.62Z
tt33381401,6,2025-12-22T17:33:49.45Z
tt0400771,7,2025-12-22T09:04:51.04Z
tt31193180,9,2025-12-18T01:30:29.647Z
tt31434639,9,2025-12-18T01:30:17.617Z
tt0099785,10,2025-12-16T20:37:57.189Z
tt0156887,9,2025-12-16T18:04:49.291Z
tt0245429,9,2025-12-16T18:04:30.145Z
tt0420223,9,2025-12-14T13:59:18.829Z
tt0117951,9,2025-12-14T13:57:58.862Z
tt0017136,9,2025-12-14T13:57:46.979Z
tt0056119,9,2025-12-14T13:57:03.111Z
tt32178949,8,2025-12-10T21:43:25.846Z
tt0301978,4,2025-12-10T09:45:43.281Z
tt36243564,6,2025-12-07T22:05:46.318Z
tt7322224,9,2025-12-05T22:46:20.064Z
tt2267998,9,2025-12-05T22:44:53.687Z
tt35610805,6,2025-12-05T21:52:00.525Z
tt1772424,6,2025-12-04T00:13:19.508Z
tt0808417,7,2025-12-03T03:55:39.085Z
tt27331087,7,2025-11-26T22:55:47.285Z
tt36491653,8,2025-11-26T04:42:44.432Z
tt2258858,7,2025-11-26T04:42:05.774Z
tt2125608,8,2025-11-25T02:04:12.826Z
tt30144839,9,2025-11-22T20:22:19.835Z
tt0035583,7,2025-11-19T23:55:02.743Z
tt0453451,7,2025-11-17T23:00:47.703Z
tt0058461,8,2025-11-13T01:29:32.634Z
tt0876563,7,2025-11-11T03:00:17.366Z
tt35513027,8,2025-11-05T22:59:16.676Z
tt29344903,8,2025-11-05T22:58:35.866Z
tt35521922,8,2025-11-05T22:58:19.534Z
tt36667493,4,2025-11-02T01:55:56.189Z
tt27847051,8,2025-11-02T01:50:46.739Z
tt27502227,6,2025-11-02T01:49:49.847Z
tt28171985,7,2025-10-31T20:57:32.453Z
tt35521200,8,2025-10-29T14:37:51.895Z
tt29002950,7,2025-10-29T13:52:33.2Z
tt36943034,8,2025-10-29T07:47:19.823Z
tt31189315,7,2025-10-28T00:30:28.11Z
tt0318155,6,2025-10-27T00:33:43.255Z
tt27714581,8,2025-10-26T14:05:09.045Z
tt35340614,7,2025-10-26T13:00:08.928Z
tt14142060,6,2025-10-26T12:59:34.763Z
tt0255589,6,2025-10-23T00:52:30.861Z
tt0031971,7,2025-10-22T18:50:36.143Z
tt0353969,7,2025-10-22T00:12:41.124Z
tt13429362,7,2025-10-20T02:09:54.632Z
tt7282468,7,2025-10-15T22:54:34.537Z
tt0080057,7,2025-10-14T21:58:39.032Z
tt10288566,8,2025-10-14T00:57:01.403Z
tt6604188,8,2025-10-12T18:34:23.952Z
tt0029947,7,2025-10-08T02:31:47.854Z
tt0102015,9,2025-10-05T00:37:36.635Z
tt0078788,10,2025-10-04T20:32:54.95Z
tt8239946,7,2025-10-01T23:22:57.972Z
tt1312221,8,2025-09-29T21:57:53.279Z
tt12300742,8,2025-09-28T00:48:26.614Z
tt9362736,8,2025-09-28T00:47:46.283Z
tt30235784,8,2025-09-28T00:46:51.929Z
tt35716292,5,2025-09-28T00:41:25.69Z
tt36260294,6,2025-09-28T00:40:58.979Z
tt0017925,8,2025-09-24T02:25:10.073Z
tt0087909,7,2025-09-23T01:08:32.384Z
tt0303353,7,2025-09-22T03:39:42.466Z
tt0114746,8,2025-09-22T00:02:54.076Z
tt0038355,7,2025-09-20T23:45:04.445Z
tt1827487,6,2025-09-20T01:30:54.052Z
tt0109424,7,2025-09-18T00:32:57.51Z
tt0109190,7,2025-09-09T23:43:01.351Z
tt9220966,5,2025-08-31T18:49:47.717Z
tt0066380,6,2025-08-29T20:20:33.799Z
tt0065569,6,2025-08-22T20:47:34.824Z
tt0073453,7,2025-08-17T17:50:30.767Z
tt31176520,5,2025-08-17T00:44:21.611Z
tt26581740,9,2025-08-12T02:10:16.537Z
tt10548174,7,2025-08-10T02:28:49.701Z
tt32246771,8,2025-08-07T02:32:12.601Z
tt0119167,6,2025-08-03T19:33:33.461Z
tt0369610,6,2025-08-01T22:55:44.384Z
tt32298285,8,2025-07-24T23:11:03.869Z
tt5950044,7,2025-07-22T08:28:46.288Z
tt16311594,8,2025-07-07T01:04:13.663Z
tt0084434,0,2025-06-24T21:49:27.965Z
tt0108101,8,2025-06-24T21:49:07.868Z
tt0119237,4,2025-06-22T21:33:10.364Z
tt0414993,7,2025-06-14T00:08:45.908Z
tt7798634,8,2025-06-12T10:46:07.99Z
tt0128445,8,2025-06-05T19:11:49.422Z
tt30840798,7,2025-06-05T19:10:58.82Z
tt20969586,7,2025-06-03T21:03:59.703Z
tt9603208,7,2025-06-02T19:14:10.91Z
tt15551346,6,2025-05-24T12:30:21.58Z
tt0373883,5,2025-05-16T17:11:32.265Z
tt1255953,8,2025-05-12T20:50:12.719Z
tt2085910,8,2025-05-11T01:09:16.671Z
tt9495224,8,2025-05-10T22:53:13.697Z
tt0430576,6,2025-05-02T23:19:43.801Z
tt20215234,6,2025-04-30T18:46:08.964Z
tt0319061,7,2025-04-29T19:57:19.675Z
tt0356150,5,2025-04-27T12:53:58.134Z
tt0240419,6,2025-04-25T00:06:45.337Z
tt0048424,9,2025-04-24T10:42:23.047Z
tt0037558,9,2025-04-21T00:53:11.019Z
tt0169547,7,2025-04-20T20:41:01.163Z
tt21064584,8,2025-04-20T13:18:50.225Z
tt0087538,9,2025-04-20T13:17:14.89Z
tt0099685,8,2025-04-18T23:22:23.977Z
tt9471660,6,2025-04-17T13:39:39.512Z
tt31806037,9,2025-04-15T08:38:08.412Z
tt1149362,8,2025-04-13T15:46:16.797Z
tt0193167,6,2025-04-07T22:28:30.629Z
tt15466518,7,2025-04-06T17:09:39.417Z
tt0075686,7,2025-04-04T23:27:13.931Z
tt0209144,10,2025-04-01T22:14:16.541Z
tt4285496,7,2025-04-01T06:17:25.762Z
tt0110912,10,2025-03-26T23:14:34.444Z
tt0810819,7,2025-03-24T22:30:34.942Z
tt5868826,8,2025-03-21T01:17:19.584Z
tt3395184,9,2025-03-21T00:45:25.206Z
tt0350193,7,2025-03-16T01:38:04.532Z
tt14537248,4,2025-03-15T18:37:45.042Z
tt0327056,6,2025-03-12T01:33:22.257Z
tt28249919,7,2025-03-10T19:36:48.353Z
tt0078908,7,2025-03-08T23:54:19.324Z
tt0094964,7,2025-03-08T23:54:11.14Z
tt0314412,7,2025-03-08T23:38:48.972Z
tt0054215,10,2025-03-06T22:59:47.382Z
tt0103776,10,2025-03-06T22:59:21.294Z
tt0120863,10,2025-03-06T22:58:58.514Z
tt0084787,10,2025-03-06T22:57:59.902Z
tt0100802,10,2025-03-06T22:57:24.707Z
tt0166924,10,2025-03-06T22:56:51.719Z
tt0072271,10,2025-03-06T22:55:48.725Z
tt0266543,9,2025-03-06T21:49:00.091Z
tt4827558,9,2025-03-06T21:47:53.96Z
tt1853728,9,2025-03-06T21:47:32.667Z
tt0361748,9,2025-03-06T21:46:56.653Z
tt5827916,9,2025-03-06T21:44:59.428Z
tt0082971,9,2025-03-06T21:44:33.206Z
tt0087928,7,2025-03-06T17:48:06.177Z
tt0206634,9,2025-03-01T20:17:14.308Z
tt27714946,7,2025-02-27T18:24:46.672Z
tt23736044,6,2025-02-25T21:25:59.046Z
tt0470752,9,2025-02-20T21:51:56.59Z
tt0393735,5,2025-02-20T18:18:44.304Z
tt0108394,8,2025-02-19T11:41:03.114Z
tt1334260,8,2025-02-15T22:28:36.246Z
tt0041587,6,2025-02-14T13:22:34.466Z
tt21097228,7,2025-02-07T01:51:41.606Z
tt1839492,7,2025-01-29T20:34:15.458Z
tt0088263,9,2025-01-26T16:54:09.743Z
tt21382296,6,2025-01-23T00:25:09.898Z
tt0087182,6,2025-01-22T00:46:11.498Z
tt0114148,7,2025-01-16T01:00:32.106Z
tt1409024,6,2025-01-14T02:02:11.991Z
tt0120912,6,2025-01-14T02:02:03.012Z
tt0079574,8,2025-01-13T03:44:15.595Z
tt0114671,6,2025-01-03T20:34:01.304Z
tt0058604,8,2025-01-03T20:24:06.465Z
tt7818580,6,2024-12-26T23:37:16.361Z
tt0015532,7,2024-12-26T16:46:44.458Z
tt5040012,9,2024-12-26T16:45:37.116Z
tt21942866,8,2024-12-20T01:21:50.453Z
tt0103559,7,2024-12-17T13:42:09.8Z
tt0053125,8,2024-12-10T22:54:56.424Z
tt0061107,6,2024-12-10T22:17:48.212Z
tt0056869,8,2024-12-03T22:36:51.185Z
tt1821641,5,2024-12-03T19:20:54.999Z
tt0082198,0,2024-12-03T18:37:57.678Z
tt0087078,7,2024-12-03T18:37:47.945Z
tt0117110,8,2024-12-02T18:33:14.295Z
tt0058331,7,2024-11-20T19:15:56.299Z
tt0051850,9,2024-11-19T06:25:41.621Z
tt0053472,7,2024-11-17T20:54:10.666Z
tt0058329,7,2024-11-16T00:14:07.755Z
tt0060176,7,2024-11-13T23:39:14.724Z
tt6823368,5,2024-11-09T22:35:02.783Z
tt29623480,8,2024-11-08T09:56:02.058Z
tt29270150,7,2024-11-06T21:56:22.717Z
tt1798709,9,2024-11-05T20:00:00.584Z
tt1560747,7,2024-11-05T19:36:36.421Z
tt0268126,8,2024-11-04T19:55:10.833Z
tt2718492,8,2024-11-03T18:56:11.886Z
tt19811010,8,2024-11-02T18:30:35.611Z
tt17526714,9,2024-11-01T13:40:35.42Z
tt17279496,9,2024-11-01T13:40:16.021Z
tt8999762,9,2024-10-30T20:07:12.555Z
tt22173666,7,2024-10-28T01:25:53.862Z
tt28821371,8,2024-10-28T01:15:24.425Z
tt30487234,6,2024-10-27T12:28:58.912Z
tt28131427,7,2024-10-26T01:55:44.55Z
tt0363589,8,2024-10-23T21:37:36.317Z
tt0064631,5,2024-10-23T14:32:47.383Z
tt2762506,8,2024-10-23T14:32:13.595Z
tt0317248,7,2024-10-20T22:24:49.377Z
tt0061722,8,2024-10-20T17:38:17.848Z
tt0058006,7,2024-10-19T21:11:06.504Z
tt4730986,7,2024-10-16T22:38:49.098Z
tt9016974,8,2024-10-14T00:22:17.072Z
tt27491225,8,2024-10-14T00:18:32.618Z
tt30817785,4,2024-10-14T00:18:00.58Z
tt27486288,4,2024-10-14T00:17:44.652Z
tt32903867,8,2024-10-14T00:12:35.633Z
tt26750774,7,2024-10-13T23:58:44.611Z
tt32828123,6,2024-10-13T03:07:16.794Z
tt10128846,4,2024-10-09T22:56:34.622Z
tt0073582,8,2024-10-08T21:42:10.426Z
tt4281724,6,2024-10-08T15:53:36.588Z
tt0065571,9,2024-10-05T16:00:39.778Z
tt0106226,8,2024-10-03T13:17:34.721Z
tt0038559,7,2024-10-02T20:52:59.864Z
tt0034240,8,2024-10-01T20:56:29.288Z
tt0053619,6,2024-09-26T22:12:43.534Z
tt0406375,8,2024-09-25T22:17:38.134Z
tt0022913,8,2024-09-25T20:49:00.53Z
tt0155975,6,2024-09-19T06:55:51.288Z
tt0407621,7,2024-09-17T13:31:18.21Z
tt3748512,8,2024-09-12T16:58:28.74Z
tt0163978,6,2024-08-31T18:35:12.478Z
tt4846232,9,2024-08-28T17:44:32.619Z
tt0389790,5,2024-08-26T23:07:53.81Z
tt0317219,8,2024-08-26T00:35:21.265Z
tt0023551,7,2024-08-18T17:04:24.31Z
tt1192628,7,2024-08-13T19:03:54.479Z
tt14999458,8,2024-08-13T18:16:11.513Z
tt6263850,8,2024-08-12T01:48:41.899Z
tt2044056,8,2024-08-11T03:15:57.362Z
tt23468450,9,2024-08-08T11:53:40.131Z
tt0056801,9,2024-08-05T16:24:02.575Z
tt0472219,8,2024-07-28T16:50:41.237Z
tt0349205,6,2024-07-26T16:07:25.526Z
tt10756184,9,2024-07-20T16:12:38.628Z
tt30321146,8,2024-07-19T02:42:33.419Z
tt0386820,6,2024-07-16T20:45:26.513Z
tt7339248,8,2024-07-13T12:01:30.759Z
tt0066939,7,2024-07-04T22:07:25.592Z
tt13651628,7,2024-06-12T10:27:44.242Z
tt12037194,7,2024-06-07T01:37:40.571Z
tt14966898,9,2024-06-06T11:47:58.598Z
tt11240348,5,2024-06-03T22:34:15.937Z
tt0131934,8,2024-05-26T12:47:04.32Z
tt0018773,8,2024-05-26T12:45:15.893Z
tt0219854,6,2024-05-26T12:44:37.044Z
tt0432283,9,2024-05-17T10:31:29.398Z
tt0239395,8,2024-05-14T12:29:00.774Z
tt1748122,7,2024-05-13T15:02:54.312Z
tt1534085,9,2024-05-02T15:57:40.794Z
tt0120815,7,2024-04-18T22:42:35.483Z
tt5710514,7,2024-04-15T06:40:36.746Z
tt0181627,9,2024-04-05T20:00:05.828Z
tt21062068,7,2024-04-03T11:04:33.172Z
tt0010323,9,2024-04-03T11:03:53.372Z
tt14407336,8,2024-03-28T23:25:07.351Z
tt0112453,7,2024-03-24T22:20:32.171Z
tt0085636,6,2024-03-24T22:06:15.925Z
tt0062711,7,2024-03-24T22:04:06.799Z
tt4954522,7,2024-03-17T00:36:57.632Z
tt0118689,6,2024-03-13T16:35:17.225Z
tt0097428,7,2024-03-12T23:04:03.896Z
tt9362722,7,2024-03-10T02:13:07.226Z
tt16968450,8,2024-03-09T19:19:19.31Z
tt0255067,7,2024-03-08T21:22:32.765Z
tt15239678,8,2024-03-08T16:16:35.404Z
tt0047396,9,2024-03-08T16:16:10.319Z
tt0056241,7,2024-03-04T15:30:20.379Z
tt0094625,6,2024-03-04T13:14:30.495Z
tt14225838,7,2024-03-02T19:34:24.523Z
tt21909682,8,2024-03-02T19:33:34.387Z
tt0451079,6,2024-03-02T17:12:11.948Z
tt0181316,7,2024-03-02T13:14:56.879Z
tt0314121,6,2024-02-29T12:59:10.408Z
tt21192142,7,2024-02-24T02:29:35.746Z
tt0007340,7,2024-02-24T02:25:31.277Z
tt0134119,6,2024-02-18T15:35:08.856Z
tt0048980,8,2024-02-18T15:34:31.851Z
tt0056592,8,2024-02-18T15:34:12.349Z
tt0097564,9,2024-02-18T15:33:50.403Z
tt9691136,5,2024-02-18T15:24:16.03Z
tt0181852,6,2024-02-14T16:14:17.917Z
tt0054189,8,2024-02-08T21:45:24.369Z
tt0870984,8,2024-02-08T00:29:06.036Z
tt0055614,7,2024-02-05T23:43:58.297Z
tt2935510,9,2024-02-03T20:25:55.726Z
tt0093779,9,2024-02-03T20:22:39.451Z
tt3322312,9,2024-02-03T20:18:22.567Z
tt1569923,9,2024-02-03T20:16:52.406Z
tt14230458,8,2024-01-29T23:04:15.779Z
tt0120623,7,2024-01-23T15:21:32.592Z
tt16300962,8,2024-01-22T22:32:10.711Z
tt0056172,8,2024-01-20T17:17:59.691Z
tt0071222,9,2024-01-08T03:56:35.58Z
tt0045152,7,2024-01-08T03:56:13.727Z
tt0270846,3,2024-01-08T03:54:48.566Z
tt0338512,7,2024-01-08T03:52:12.874Z
tt17351924,7,2024-01-05T05:11:42.939Z
tt5635026,6,2024-01-04T16:25:31.643Z
tt0088117,6,2024-01-03T23:56:05.021Z
tt15799866,6,2024-01-03T23:55:49.021Z
tt2428170,8,2023-12-30T18:45:50.139Z
tt4016934,8,2023-12-30T18:00:20.618Z
tt3986820,7,2023-12-30T17:30:39.25Z
tt5013056,8,2023-12-30T17:24:15.23Z
tt7738450,9,2023-12-30T16:43:58.995Z
tt3226786,6,2023-12-30T16:30:07.964Z
tt8800266,8,2023-12-30T16:04:46.254Z
tt8652728,7,2023-12-30T15:07:16.232Z
tt8649186,8,2023-12-30T15:04:39.652Z
tt0212720,5,2023-12-30T15:00:18.319Z
tt6062774,9,2023-12-30T14:59:33.548Z
tt2226162,7,2023-12-29T23:31:11.766Z
tt1051906,8,2023-12-29T23:04:51.556Z
tt10229558,8,2023-12-29T23:04:37.674Z
tt0898266,7,2023-12-29T22:01:10.426Z
tt12484918,7,2023-12-28T14:11:13.919Z
tt0211023,7,2023-12-26T23:48:18.7Z
tt5606268,7,2023-12-26T13:11:29.483Z
tt0100150,6,2023-12-24T03:38:22.226Z
tt14954666,4,2023-12-22T13:13:29.964Z
tt0060345,8,2023-12-17T19:14:35.376Z
tt0095489,7,2023-12-12T12:04:09.145Z
tt11638942,7,2023-12-03T13:28:15.246Z
tt0032138,8,2023-11-30T15:30:27.068Z
tt13521006,7,2023-11-22T23:36:36.43Z
tt13345606,8,2023-11-22T23:36:23.901Z
tt17499492,8,2023-11-21T21:23:26.472Z
tt0050083,8,2023-11-18T03:24:32.91Z
tt0124315,6,2023-11-18T03:23:26.605Z
tt0122735,7,2023-11-08T20:34:08.148Z
tt0299040,7,2023-11-08T20:33:41.441Z
tt0052561,7,2023-11-05T15:24:20.748Z
tt17009710,7,2023-11-05T15:23:57.638Z
tt14561712,8,2023-10-29T20:25:07.17Z
tt26542557,7,2023-10-29T16:01:31.286Z
tt7512876,6,2023-10-29T16:01:02.444Z
tt20729172,7,2023-10-29T15:59:42.55Z
tt12015692,6,2023-10-29T15:59:03.904Z
tt20561198,8,2023-10-29T15:58:40.127Z
tt21817836,4,2023-10-28T00:39:23.203Z
tt13110998,8,2023-10-23T23:01:37.855Z
tt7160372,9,2023-10-23T22:59:05.798Z
tt0099768,8,2023-10-23T22:57:50.728Z
tt24082454,5,2023-10-20T20:20:08.98Z
tt0169005,7,2023-10-20T20:18:15.329Z
tt3612616,9,2023-10-14T12:24:40.337Z
tt0058946,7,2023-10-14T12:24:29.917Z
tt0338135,5,2023-10-12T19:42:49.183Z
tt11858890,6,2023-10-10T01:26:07.88Z
tt22687790,8,2023-10-10T01:25:31.132Z
tt7657566,7,2023-10-10T01:25:23.38Z
tt21284358,8,2023-10-03T22:59:06.096Z
tt0014429,8,2023-09-30T16:52:34.267Z
tt0055031,7,2023-09-24T23:54:30.573Z
tt0056217,7,2023-09-18T00:03:33.533Z
tt0042876,9,2023-09-14T23:31:11.488Z
tt8185182,9,2023-09-11T19:36:14.942Z
tt0027977,8,2023-09-10T11:57:38.514Z
tt0028358,7,2023-09-05T00:44:55.03Z
tt1276104,8,2023-09-05T00:23:16.989Z
tt0093773,0,2023-09-01T02:21:30.188Z
tt1001520,8,2023-08-31T02:42:48.837Z
tt1977895,8,2023-08-30T13:00:12.056Z
tt0078087,7,2023-08-26T03:24:37.692Z
tt1201607,8,2023-08-24T21:18:32.06Z
tt1675192,10,2023-08-22T16:00:24.627Z
tt0074901,7,2023-08-21T22:29:37.644Z
tt10638522,7,2023-08-20T22:47:12.301Z
tt0439572,5,2023-08-19T11:18:17.167Z
tt19623228,7,2023-08-17T20:47:07.278Z
tt15398776,8,2023-07-31T08:02:48.817Z
tt12536294,9,2023-07-31T07:40:40.184Z
tt0066993,7,2023-07-31T07:34:49.187Z
tt0112817,8,2023-07-27T12:46:15.921Z
tt0079073,8,2023-07-14T01:36:14.419Z
tt1401152,7,2023-07-14T01:22:15.359Z
tt0021815,7,2023-07-13T01:33:35.561Z
tt9603212,8,2023-07-13T01:33:10.926Z
tt2381249,8,2023-07-13T01:08:43.544Z
tt0051554,8,2023-07-12T02:16:20.09Z
tt0098206,8,2023-07-06T12:56:40.807Z
tt0356910,6,2023-07-02T01:25:29.024Z
tt0066999,8,2023-07-01T16:22:08.822Z
tt0087995,8,2023-06-24T11:35:40.967Z
tt12263384,8,2023-06-19T03:13:05.157Z
tt15342244,7,2023-06-19T03:01:04.049Z
tt0054632,7,2023-06-08T01:55:42.959Z
tt1426352,7,2023-05-31T20:15:41.074Z
tt0103874,8,2023-05-30T18:53:48.246Z
tt0087884,8,2023-05-24T03:30:06.585Z
tt0373469,7,2023-05-21T13:43:27.826Z
tt0052353,7,2023-05-19T21:58:00.638Z
tt13874422,9,2023-05-18T21:31:20.524Z
tt16156592,6,2023-05-18T21:29:12.031Z
tt6791350,8,2023-05-18T21:10:28.501Z
tt20239442,9,2023-05-16T15:27:04.226Z
tt5095030,7,2023-05-15T01:49:02.502Z
tt0077355,8,2023-05-15T01:48:14.257Z
tt1155076,6,2023-05-11T13:58:58.04Z
tt0091326,7,2023-05-11T13:58:33.7Z
tt2062700,7,2023-05-10T02:46:32.597Z
tt0064473,6,2023-05-06T02:11:20.241Z
tt1945228,8,2023-05-04T00:54:37.517Z
tt2101383,7,2023-05-03T01:36:06.463Z
tt1288558,5,2023-05-01T15:31:34.695Z
tt1034415,9,2023-04-29T02:26:30.335Z
tt0076786,9,2023-04-29T00:14:21.597Z
tt1527186,7,2023-04-28T16:05:11.613Z
tt0106308,8,2023-04-28T00:55:16.161Z
tt0092991,7,2023-04-27T03:57:15.456Z
tt14253846,10,2023-04-25T01:01:10.354Z
tt15262254,10,2023-04-22T13:37:39.709Z
tt0243493,6,2023-04-20T18:50:19.255Z
tt11358390,6,2023-04-17T03:08:15.674Z
tt0052618,8,2023-04-08T17:08:53.329Z
tt0066921,7,2023-04-05T21:20:18.88Z
tt0089885,8,2023-04-02T20:35:08.049Z
tt10366206,9,2023-04-02T01:33:59.32Z
tt0082257,6,2023-03-27T03:21:07.571Z
tt0070040,8,2023-03-27T00:57:46.437Z
tt0310790,6,2023-03-26T21:18:36.148Z
tt0091083,7,2023-03-26T03:54:48.384Z
tt1498878,6,2023-03-26T03:39:29.477Z
tt0085780,8,2023-03-23T02:27:14.193Z
tt0120004,6,2023-03-22T02:20:08.216Z
tt1964418,0,2023-03-16T12:52:34.91Z
tt3317522,7,2023-03-15T08:30:46.808Z
tt0088206,6,2023-03-11T16:21:02.438Z
tt14138650,7,2023-03-06T00:56:15.771Z
tt0365830,8,2023-02-27T22:28:56.631Z
tt6966692,8,2023-02-27T22:28:39.524Z
tt0395699,6,2023-02-25T21:17:23.998Z
tt0084827,7,2023-02-18T00:14:49.633Z
tt6628394,7,2023-02-13T15:36:18.961Z
tt1630029,7,2023-02-13T12:19:10.225Z
tt0110632,5,2023-01-29T22:19:12.935Z
tt0118617,7,2023-01-29T22:10:49.858Z
tt0056732,8,2023-01-25T21:29:59.903Z
tt3626742,5,2023-01-22T02:30:22.629Z
tt2955316,7,2023-01-22T02:30:10.648Z
tt18550140,8,2023-01-16T23:23:23.063Z
tt0072684,9,2023-01-16T04:23:20.604Z
tt0063555,7,2023-01-16T03:39:36.812Z
tt2137702,7,2023-01-16T03:35:02.936Z
tt11394188,7,2023-01-14T01:21:18.431Z
tt0053779,7,2023-01-12T22:08:11.411Z
tt0287978,6,2023-01-11T22:39:33.649Z
tt0317303,6,2023-01-11T03:51:33.69Z
tt0118998,5,2023-01-11T03:50:59.409Z
tt11823076,7,2023-01-11T00:06:28.696Z
tt0044741,7,2023-01-10T21:35:54.585Z
tt0062480,5,2023-01-08T00:19:40.438Z
tt0034247,9,2023-01-05T19:24:46.989Z
tt10954984,9,2023-01-02T16:19:04.557Z
tt0052311,0,2023-01-01T04:13:09.275Z
tt8633464,9,2023-01-01T03:59:53.03Z
tt5126178,3,2022-12-28T21:29:57.61Z
tt0762121,8,2022-12-28T19:47:30.611Z
tt6443346,5,2022-12-28T00:38:03.751Z
tt0499549,7,2022-12-27T19:06:12.516Z
tt0083944,7,2022-12-26T23:23:36.623Z
tt9812474,8,2022-12-26T01:24:19.872Z
tt11950836,9,2022-12-25T03:37:02.248Z
tt16277252,8,2022-12-20T22:30:39.225Z
tt0076578,9,2022-12-20T18:11:52.187Z
tt1399103,6,2022-12-20T00:08:18.476Z
tt1488589,7,2022-12-12T12:49:17.384Z
tt0238414,7,2022-12-11T21:22:08.684Z
tt0081793,6,2022-12-11T21:02:43.723Z
tt10767168,8,2022-12-09T18:39:43.831Z
tt0255477,0,2022-12-09T16:21:54.737Z
tt13014746,7,2022-12-04T22:55:38.846Z
tt0368226,3,2022-12-04T01:30:41.123Z
tt13623136,8,2022-12-04T01:04:15.279Z
tt0119654,8,2022-11-28T12:57:48.784Z
tt0089370,7,2022-11-28T12:56:13.499Z
tt0075220,8,2022-11-28T03:04:21.924Z
tt0327437,6,2022-11-27T23:44:21.752Z
tt0279967,6,2022-11-20T20:04:44.463Z
tt10343028,6,2022-11-16T01:36:42.784Z
tt1951181,8,2022-11-16T01:36:12.759Z
tt0082509,6,2022-11-14T00:48:28.732Z
tt0069945,7,2022-11-14T00:47:21.284Z
tt15198592,6,2022-11-14T00:46:57.473Z
tt10648342,5,2022-11-12T22:21:09.442Z
tt0799922,6,2022-11-11T22:22:41.472Z
tt8415836,8,2022-11-06T04:42:41.675Z
tt0113820,7,2022-11-06T01:24:29.596Z
tt1139797,8,2022-11-03T21:46:25.124Z
tt1369845,4,2022-11-01T15:21:23.672Z
tt0800318,6,2022-11-01T15:20:59.471Z
tt0972534,7,2022-11-01T15:17:19.554Z
tt1055366,6,2022-11-01T15:16:59.506Z
tt0810900,5,2022-11-01T15:16:37.527Z
tt0493093,6,2022-11-01T15:16:25.607Z
tt0322330,6,2022-11-01T15:15:40.789Z
tt0475293,6,2022-11-01T15:15:23.674Z
tt0952640,4,2022-11-01T15:15:03.179Z
tt11999966,5,2022-10-31T04:48:47.989Z
tt0083658,10,2022-10-31T04:43:28.887Z
tt1856101,9,2022-10-31T04:43:20.647Z
tt7784604,10,2022-10-31T04:42:24.783Z
tt3501632,9,2022-10-31T04:40:17.713Z
tt0371746,9,2022-10-31T04:39:54.501Z
tt4154756,9,2022-10-31T04:33:41.44Z
tt2280378,9,2022-10-31T04:25:33.042Z
tt11197444,9,2022-10-31T04:25:18.8Z
tt0013257,8,2022-10-31T02:47:07.374Z
tt0013442,9,2022-10-30T18:35:59.222Z
tt12519030,6,2022-10-29T18:53:09.446Z
tt0073540,7,2022-10-28T15:32:08.155Z
tt4624366,4,2022-10-28T15:30:21.393Z
tt8110652,7,2022-10-28T00:32:04.869Z
tt0356634,6,2022-10-27T15:01:15.572Z
tt0082348,9,2022-10-27T02:39:08.647Z
tt0077869,8,2022-10-27T02:36:25.063Z
tt10399608,6,2022-10-27T02:31:03.416Z
tt13143964,6,2022-10-27T01:49:37.628Z
tt11897478,7,2022-10-26T03:47:09.85Z
tt15791034,8,2022-10-25T23:57:25.29Z
tt0101414,8,2022-10-23T22:01:50.181Z
tt0073812,8,2022-10-23T09:53:49.965Z
tt1095217,8,2022-10-22T14:16:26.955Z
tt12724306,5,2022-10-22T03:11:12.529Z
tt15474916,6,2022-10-21T22:51:35.413Z
tt15010292,7,2022-10-18T23:35:28.617Z
tt8296030,9,2022-10-18T12:31:01.343Z
tt0280609,6,2022-10-18T12:30:46.923Z
tt5034838,7,2022-10-16T20:07:16.575Z
tt11540726,8,2022-10-16T16:53:37.026Z
tt18252340,5,2022-10-16T16:53:21.725Z
tt9050310,7,2022-10-16T16:52:47.176Z
tt20225374,6,2022-10-16T16:51:42.25Z
tt10334222,7,2022-10-10T23:36:54.574Z
tt15318872,8,2022-10-09T20:45:35.716Z
tt13617580,5,2022-10-09T20:45:20.237Z
tt1740707,8,2022-10-04T00:03:37.033Z
tt4028464,7,2022-10-04T00:00:03.231Z
tt9165824,7,2022-10-01T16:46:32.799Z
tt9102084,7,2022-10-01T16:45:32.915Z
tt2716382,6,2022-10-01T16:44:41.383Z
tt4638148,6,2022-10-01T16:39:42.806Z
tt6117824,4,2022-10-01T16:39:17.904Z
tt4925340,7,2022-10-01T16:39:03.943Z
tt12789540,7,2022-10-01T16:35:37.146Z
tt0086541,7,2022-10-01T16:34:06.803Z
tt1204977,3,2022-09-24T21:39:26.846Z
tt9198364,7,2022-09-22T21:21:09.214Z
tt11280740,9,2022-09-18T22:37:19.458Z
tt1386703,5,2022-09-04T23:42:53.583Z
tt7049682,8,2022-09-04T23:29:08.848Z
tt0073705,7,2022-09-03T13:49:55.778Z
tt15466426,7,2022-08-29T21:23:18.252Z
tt1469304,4,2022-08-28T00:16:29.054Z
tt2054778,8,2022-08-27T23:04:21.458Z
tt10234724,7,2022-08-27T21:24:56.461Z
tt0311289,6,2022-08-27T10:55:16.408Z
tt6517102,7,2022-08-15T21:06:37.958Z
tt13841850,6,2022-08-10T18:44:36.078Z
tt0076162,8,2022-08-10T18:44:08.528Z
tt11003218,8,2022-08-10T18:43:21.237Z
tt0337917,7,2022-07-18T23:25:01.595Z
tt3704428,7,2022-07-16T21:50:36.981Z
tt1745960,9,2022-07-16T21:49:31.27Z
tt0396555,5,2022-07-08T22:31:43.465Z
tt11291274,8,2022-07-06T19:48:56.79Z
tt10324164,9,2022-06-20T22:20:28.694Z
tt7043012,4,2022-06-17T07:56:29.438Z
tt6710474,7,2022-06-08T21:59:57.178Z
tt0427327,6,2022-06-06T19:57:56.605Z
tt8399288,7,2022-06-02T00:26:58.667Z
tt13560574,7,2022-05-26T22:53:09.004Z
tt3520714,0,2022-05-21T13:18:42.314Z
tt15100048,7,2022-05-21T00:25:50.983Z
tt15721828,8,2022-05-21T00:24:21.443Z
tt4370784,8,2022-05-21T00:24:05.488Z
tt0090555,6,2022-05-19T18:14:45.473Z
tt9419884,6,2022-05-12T22:48:12.846Z
tt0160429,7,2022-05-07T19:51:26.93Z
tt12412166,5,2022-05-05T23:23:03.415Z
tt2103281,6,2022-05-01T15:29:26.244Z
tt11138512,9,2022-04-27T21:03:39.468Z
tt14599438,7,2022-04-20T16:45:29.371Z
tt0095012,6,2022-04-09T22:04:01.989Z
tt8115900,6,2022-04-05T19:09:26.291Z
tt0166813,9,2022-03-22T01:17:49.439Z
tt0383216,7,2022-03-13T01:08:24.005Z
tt1877830,9,2022-03-09T00:11:08.96Z
tt0068732,7,2022-02-27T13:00:52.828Z
tt0059792,7,2022-02-22T01:14:45.351Z
tt0085549,6,2022-02-20T01:21:42.621Z
tt6372694,6,2022-02-16T23:45:35.545Z
tt1464335,6,2022-02-16T23:42:13.591Z
tt14039582,6,2022-02-16T22:03:03.132Z
tt6856242,5,2022-02-16T22:02:47.65Z
tt0120828,8,2022-02-14T23:39:26.445Z
tt0251075,5,2022-02-14T23:39:13.069Z
tt1156398,7,2022-02-13T20:15:43.722Z
tt7740496,6,2022-02-12T16:25:21.825Z
tt0443649,4,2022-02-08T23:13:59.256Z
tt4687856,7,2022-02-06T18:50:08.201Z
tt1059786,5,2022-02-06T17:58:49.349Z
tt0118715,9,2022-02-06T17:44:49.76Z
tt1684226,7,2022-01-31T00:11:12.86Z
tt0060955,9,2022-01-23T00:39:50.11Z
tt0002130,7,2022-01-16T23:44:35.022Z
tt10110614,9,2022-01-16T17:02:22.576Z
tt0079351,7,2022-01-15T17:24:18.558Z
tt0055630,8,2022-01-13T05:23:50.313Z
tt10095582,9,2022-01-13T01:42:51.845Z
tt0047478,8,2022-01-11T17:56:58.334Z
tt0031381,0,2022-01-11T02:06:49.935Z
tt1441395,8,2022-01-05T04:01:16.708Z
tt11614912,5,2022-01-05T00:51:58.129Z
tt11196036,8,2021-12-30T04:28:24.137Z
tt0116705,7,2021-12-28T01:17:47.712Z
tt0141369,6,2021-12-28T01:17:31.496Z
tt10160804,7,2021-12-25T01:36:32.87Z
tt5867314,9,2021-12-24T03:39:15.055Z
tt0097958,7,2021-12-21T19:12:42.315Z
tt10872600,9,2021-12-20T16:24:45.135Z
tt0350258,7,2021-12-20T00:17:43.491Z
tt0413300,6,2021-12-14T17:48:22.065Z
tt2733258,7,2021-12-08T18:13:41.374Z
tt9639470,6,2021-12-04T18:37:28.399Z
tt0359950,5,2021-12-04T18:30:54.789Z
tt2404738,6,2021-12-04T18:26:27.393Z
tt0021884,9,2021-12-04T18:21:22.647Z
tt10016180,5,2021-12-03T15:44:44.41Z
tt0088323,8,2021-11-29T11:46:35.23Z
tt1872181,5,2021-11-25T18:53:01.013Z
tt0948470,7,2021-11-25T18:52:52.876Z
tt0088680,8,2021-11-22T21:11:39.211Z
tt1928200,4,2021-11-22T00:31:55.223Z
tt1038988,8,2021-11-21T16:36:44.29Z
tt1302006,7,2021-11-21T02:37:15.883Z
tt0088846,8,2021-11-21T00:24:31.411Z
tt0170016,4,2021-11-19T21:24:35.07Z
tt1440292,5,2021-11-17T08:39:56.123Z
tt0172495,6,2021-11-17T00:33:04.134Z
tt4244994,7,2021-11-16T15:54:31.726Z
tt2316204,5,2021-11-15T01:13:44.138Z
tt0021814,7,2021-11-15T01:07:18.063Z
tt5348176,8,2021-11-09T23:15:40.667Z
tt2584384,6,2021-11-07T02:33:20.376Z
tt2084989,7,2021-11-06T21:16:44.247Z
tt10763820,5,2021-11-02T01:57:27.107Z
tt10651850,8,2021-11-01T22:17:57.763Z
tt11657662,6,2021-11-01T20:49:44.927Z
tt0101420,3,2021-10-30T12:59:15.613Z
tt8847712,6,2021-10-28T23:15:32.332Z
tt2382320,6,2021-10-28T10:39:03.631Z
tt7097896,6,2021-10-24T23:34:23.995Z
tt9243804,10,2021-10-19T22:54:14.852Z
tt12801814,5,2021-10-19T22:48:16.692Z
tt9907782,5,2021-10-18T21:55:10.797Z
tt7126948,4,2021-10-18T13:52:02.379Z
tt11628854,7,2021-10-17T21:00:35.777Z
tt10639214,4,2021-10-17T20:59:12.107Z
tt10329614,6,2021-10-17T20:56:46.549Z
tt8174628,7,2021-10-17T18:28:19.697Z
tt11378876,6,2021-10-17T02:30:19.031Z
tt0082533,7,2021-10-17T02:26:12.065Z
tt8649190,7,2021-10-16T16:25:17.329Z
tt12715472,6,2021-10-15T18:35:10.086Z
tt9731534,8,2021-10-14T22:03:17.109Z
tt11881160,8,2021-10-14T01:00:15.433Z
tt10772662,5,2021-10-13T17:11:29.796Z
tt15090124,7,2021-10-11T21:23:20.893Z
tt11398346,8,2021-10-11T16:44:36.381Z
tt10944760,5,2021-10-10T20:44:09.385Z
tt0250687,6,2021-10-01T10:42:33.431Z
tt8332802,6,2021-09-30T17:14:38.879Z
tt2194499,8,2021-09-26T19:46:04.411Z
tt1160419,9,2021-09-26T14:52:49.326Z
tt0093593,7,2021-09-09T18:17:40.452Z
tt0242653,5,2021-09-09T15:29:39.773Z
tt3811906,4,2021-09-07T20:42:53.293Z
tt0038109,8,2021-09-05T22:17:34.437Z
tt0032976,7,2021-09-05T16:02:19.963Z
tt9376612,7,2021-09-04T10:20:32.28Z
tt3228774,5,2021-08-28T21:12:20.499Z
tt0313911,7,2021-08-26T12:36:40.609Z
tt0947798,7,2021-08-22T15:32:50.697Z
tt1430132,7,2021-08-19T18:34:18.572Z
tt0060196,9,2021-08-17T19:11:00.282Z
tt1446714,8,2021-08-17T19:10:00.369Z
tt0078748,9,2021-08-17T19:09:36.865Z
tt0050825,8,2021-08-17T19:07:13.94Z
tt0116360,0,2021-08-17T19:06:34.179Z
tt0167404,8,2021-08-17T19:05:18.208Z
tt3659388,8,2021-08-17T19:03:59.758Z
tt0796366,8,2021-08-17T19:02:54.008Z
tt0245844,8,2021-08-17T19:01:14.779Z
tt5083738,8,2021-08-17T18:59:44.644Z
tt1790885,8,2021-08-17T18:58:51.387Z
tt3521126,8,2021-08-17T18:58:40.019Z
tt3799694,8,2021-08-17T18:56:59.119Z
tt0120855,8,2021-08-17T18:56:13.405Z
tt1179933,8,2021-08-17T18:54:35.488Z
tt1232829,8,2021-08-17T18:54:18.861Z
tt0332379,8,2021-08-17T18:53:56.026Z
tt0167260,0,2021-08-17T18:47:20.678Z
tt0808276,7,2021-08-15T21:56:37.706Z
tt1727388,7,2021-08-15T13:35:52.401Z
tt6402468,5,2021-08-14T23:04:26.639Z
tt1320253,6,2021-08-14T16:38:11.88Z
tt2209418,8,2021-08-14T15:36:58.599Z
tt6334354,8,2021-08-14T13:10:20.341Z
tt1241317,3,2021-08-11T22:42:23.582Z
tt1853739,5,2021-08-11T22:37:38.201Z
tt7378922,7,2021-08-11T22:35:49.326Z
tt2375574,8,2021-08-07T23:12:14.994Z
tt2076220,7,2021-08-07T13:15:10.646Z
tt7026488,8,2021-08-02T19:36:18.288Z
tt10734864,6,2021-08-02T19:30:22.134Z
tt6763664,8,2021-08-01T23:35:13.264Z
tt1156466,7,2021-08-01T17:35:10.524Z
tt0395119,8,2021-07-31T17:55:42.027Z
tt0338526,8,2021-07-31T15:55:17.563Z
tt5675620,8,2021-07-31T15:27:16.201Z
tt2560140,8,2021-07-31T15:24:52.502Z
tt4973548,0,2021-07-31T15:20:29.788Z
tt9139220,6,2021-07-31T15:19:33.661Z
tt0773262,8,2021-07-31T15:17:53.452Z
tt2357547,8,2021-07-31T15:16:12.007Z
tt4158110,9,2021-07-31T15:12:31.862Z
tt5807662,0,2021-07-31T15:09:56.491Z
tt1117563,0,2021-07-31T15:08:07.048Z
tt0264734,0,2021-07-31T15:07:16.523Z
tt0083931,8,2021-07-29T23:53:06.933Z
tt0443676,8,2021-07-28T19:44:40.905Z
tt0281322,5,2021-07-27T22:19:34.285Z
tt0264508,8,2021-07-26T17:18:20.213Z
tt8134470,6,2021-07-26T01:19:56.293Z
tt0183790,8,2021-07-25T18:34:40.103Z
tt0092729,7,2021-07-24T12:47:40.789Z
tt9140554,6,2021-07-22T21:56:00.259Z
tt0167456,7,2021-07-18T12:18:37.947Z
tt0409182,7,2021-07-18T12:18:00.413Z
tt5109280,7,2021-07-17T16:44:20.843Z
tt9777666,7,2021-07-16T22:03:33.18Z
tt3480822,5,2021-07-16T22:03:03.973Z
tt8332922,6,2021-07-12T06:45:46.778Z
tt8372094,6,2021-06-12T10:58:02.426Z
tt8413040,6,2021-06-12T10:57:22.103Z
tt11548850,5,2021-06-12T10:56:52.773Z
tt7329642,4,2021-06-12T10:56:42.384Z
tt10469804,6,2021-06-12T10:55:29.292Z
tt1601227,5,2021-06-10T23:26:55.569Z
tt1663202,9,2021-05-29T15:26:10.671Z
tt0298337,6,2021-05-20T11:51:31.165Z
tt1114723,4,2021-05-20T11:50:35.7Z
tt1332134,8,2021-05-20T11:46:26.579Z
tt1029235,6,2021-05-20T11:45:49.402Z
tt1613750,8,2021-05-20T11:23:59.561Z
tt0413267,6,2021-05-19T07:48:47.029Z
tt0117998,6,2021-05-17T22:04:08.664Z
tt7286456,7,2021-05-17T22:02:33.266Z
tt0478304,10,2021-05-11T20:58:25.347Z
tt1602613,6,2021-05-08T18:55:31.75Z
tt0780504,8,2021-05-08T02:10:28.759Z
tt0480249,6,2021-05-06T00:17:54.803Z
tt1483013,7,2021-05-05T23:58:26.293Z
tt0034587,7,2021-05-05T00:13:49.405Z
tt9620292,6,2021-05-03T23:46:50.056Z
tt2401256,9,2021-04-27T00:15:07.381Z
tt0460791,10,2021-04-26T00:22:09.201Z
tt0050976,8,2021-04-25T23:27:18.369Z
tt9208876,6,2021-04-25T15:20:17.456Z
tt1595656,7,2021-04-23T20:48:01.265Z
tt0454876,8,2021-04-23T17:43:05.975Z
tt0120685,4,2021-04-17T16:08:54.482Z
tt5363618,8,2021-04-09T00:34:15.507Z
tt12361974,7,2021-04-06T00:30:13.937Z
tt0046183,7,2021-04-05T13:43:27.32Z
tt0029583,8,2021-04-05T13:43:08.433Z
tt0360717,7,2021-04-05T00:07:04.732Z
tt3741700,6,2021-04-04T22:00:05.002Z
tt0080455,7,2021-03-30T21:41:13.327Z
tt9770150,6,2021-03-28T13:40:53.463Z
tt0112579,5,2021-03-26T23:04:55.197Z
tt0461770,8,2021-03-26T09:35:11.014Z
tt0049833,7,2021-03-24T00:46:14.401Z
tt1588173,5,2021-03-23T23:59:53.314Z
tt1464540,6,2021-03-22T23:34:11.264Z
tt4263482,9,2021-03-20T00:17:43.89Z
tt10702148,9,2021-03-12T14:31:18.535Z
tt11540272,7,2021-03-12T01:47:00.337Z
tt5664196,8,2021-03-11T20:50:02.027Z
tt2635006,7,2021-03-11T20:37:10.03Z
tt0206117,7,2021-03-11T10:35:48.604Z
tt9140560,8,2021-03-10T22:23:25.568Z
tt0105236,8,2021-03-10T15:35:37.233Z
tt8132778,7,2021-03-08T21:54:31.629Z
tt0114814,8,2021-03-06T22:53:20.115Z
tt1800241,7,2021-03-05T01:19:37.288Z
tt1951261,5,2021-03-05T01:19:07.396Z
tt1411697,8,2021-03-05T01:18:30.302Z
tt1068680,5,2021-03-05T01:17:04.572Z
tt0087800,7,2021-03-01T00:21:32.718Z
tt0944835,7,2021-02-28T21:56:46.44Z
tt2456536,7,2021-02-28T15:39:01.346Z
tt4779682,5,2021-02-28T01:01:11.36Z
tt8387918,6,2021-02-27T21:02:49.387Z
tt0212712,8,2021-02-26T00:41:37.513Z
tt0120783,6,2021-02-21T10:08:29.268Z
tt0000417,8,2021-02-20T21:30:49.556Z
tt1475582,9,2021-02-19T00:49:10.614Z
tt0448134,6,2021-02-16T22:59:31.233Z
tt1343727,8,2021-02-16T22:58:19.118Z
tt8745960,7,2021-02-16T00:43:05.317Z
tt3315342,9,2021-02-16T00:29:58.128Z
tt1517451,9,2021-02-16T00:19:56.651Z
tt3416742,9,2021-02-16T00:19:45.988Z
tt1843866,9,2021-02-16T00:19:19.468Z
tt1119646,9,2021-02-16T00:19:08.981Z
tt2015381,9,2021-02-16T00:18:39.681Z
tt0848228,9,2021-02-16T00:18:20.128Z
tt0469494,9,2021-02-16T00:17:35.644Z
tt8579674,9,2021-02-16T00:17:22.323Z
tt1172994,8,2021-02-16T00:11:09.106Z
tt1568346,9,2021-02-14T02:06:47.387Z
tt0058279,7,2021-02-12T11:58:35.036Z
tt3168230,5,2021-02-11T23:10:48.986Z
tt3783958,9,2021-02-11T19:35:46.015Z
tt0409459,7,2021-02-10T13:37:45.915Z
tt1596343,8,2021-02-09T23:19:59.475Z
tt10467354,6,2021-02-09T09:49:26.055Z
tt1175709,7,2021-02-08T20:18:45.654Z
tt0327084,7,2021-02-08T09:19:12.939Z
tt0455824,5,2021-02-08T00:39:09.496Z
tt1189073,6,2021-02-04T23:24:24.26Z
tt0077405,9,2021-01-30T20:41:26.298Z
tt1937390,6,2021-01-30T20:00:07.71Z
tt1788391,8,2021-01-30T15:08:30.836Z
tt10621032,7,2021-01-29T20:39:01.479Z
tt1430612,5,2021-01-29T11:51:46.076Z
tt1247640,7,2021-01-29T11:50:53.094Z
tt0414852,8,2021-01-29T11:50:29.108Z
tt0800320,6,2021-01-27T22:38:51.416Z
tt3731562,6,2021-01-26T23:56:45.835Z
tt0103939,7,2021-01-26T21:50:43.084Z
tt0116790,7,2021-01-26T21:13:31.952Z
tt0377770,8,2021-01-26T21:06:35.344Z
tt0057643,7,2021-01-26T21:02:29.745Z
tt0097778,7,2021-01-26T00:10:09.013Z
tt0055830,8,2021-01-25T20:38:22.468Z
tt0042593,8,2021-01-24T21:56:07.601Z
tt1001526,8,2021-01-22T00:31:08.841Z
tt0069762,7,2021-01-20T21:24:51.27Z
tt10272386,8,2021-01-19T21:44:28.024Z
tt1403865,7,2021-01-18T22:32:55.021Z
tt0446029,7,2021-01-17T18:51:34.954Z
tt9015306,7,2021-01-16T22:55:08.871Z
tt2375692,8,2021-01-14T16:06:55.929Z
tt1104001,9,2021-01-12T10:03:39.28Z
tt1462758,8,2021-01-11T01:14:35.989Z
tt1277737,8,2021-01-10T18:20:13.625Z
tt1181791,8,2021-01-09T23:06:56.218Z
tt1250777,7,2021-01-09T01:11:08.925Z
tt0072316,7,2021-01-02T01:39:53.857Z
tt0099487,7,2021-01-01T21:45:27.558Z
tt9234450,6,2020-12-31T17:03:15.374Z
tt8333746,8,2020-12-30T23:10:44.509Z
tt7557108,8,2020-12-28T22:52:47.853Z
tt0059026,0,2020-12-28T22:25:05.416Z
tt0119303,5,2020-12-27T22:13:24.235Z
tt0032910,8,2020-12-22T21:57:30.433Z
tt0450259,6,2020-12-22T21:55:11.322Z
tt0053285,8,2020-12-22T21:55:00.217Z
tt0082406,8,2020-12-22T21:54:03.267Z
tt0034492,7,2020-12-22T21:53:54.047Z
tt0033563,8,2020-12-22T21:52:43.045Z
tt0042332,7,2020-12-22T21:52:01.666Z
tt0328880,6,2020-12-22T21:51:29.554Z
tt0275847,8,2020-12-22T21:51:04.048Z
tt0043274,7,2020-12-22T21:50:39.719Z
tt0120917,8,2020-12-22T21:50:06.277Z
tt0144084,7,2020-12-22T21:49:41.371Z
tt0830515,5,2020-12-22T21:48:37.145Z
tt2267968,7,2020-12-22T21:47:17.211Z
tt0061852,7,2020-12-22T21:46:40.251Z
tt1415283,6,2020-12-21T22:56:16.594Z
tt0396752,7,2020-12-21T22:55:32.843Z
tt0385752,4,2020-12-21T22:55:23.001Z
tt0494238,6,2020-12-21T22:55:05.778Z
tt0416236,7,2020-12-21T22:54:47.497Z
tt0117008,7,2020-12-19T22:26:07.227Z
tt0087363,6,2020-12-17T00:58:51.404Z
tt0106168,0,2020-12-16T11:32:52.24Z
tt0477347,6,2020-12-14T15:22:55.645Z
tt0133385,7,2020-12-09T20:10:46.075Z
tt0111070,8,2020-12-09T15:13:08.253Z
tt0304669,6,2020-12-09T15:12:38.378Z
tt4682266,4,2020-12-09T14:48:26.679Z
tt10272534,5,2020-12-08T21:10:32.426Z
tt0988045,8,2020-12-07T02:01:16.982Z
tt0465494,6,2020-12-01T00:22:02.922Z
tt10618286,7,2020-11-30T00:30:45.274Z
tt0033467,9,2020-11-30T00:24:10.971Z
tt0345950,8,2020-11-20T22:09:19.687Z
tt1302011,8,2020-11-20T22:06:41.037Z
tt0862467,8,2020-11-16T22:46:34.814Z
tt0069995,9,2020-11-10T13:54:20.221Z
tt1588170,7,2020-11-09T12:42:11.145Z
tt12721126,7,2020-11-05T23:13:28.898Z
tt1226774,8,2020-11-04T23:46:37.73Z
tt1182345,8,2020-11-03T01:18:32.837Z
tt0100944,6,2020-11-01T21:17:02.333Z
tt8772262,9,2020-10-30T17:17:35.118Z
tt0118842,7,2020-10-29T14:09:45.419Z
tt0113749,8,2020-10-29T14:09:17.9Z
tt1235124,6,2020-10-29T11:27:27.165Z
tt0099938,7,2020-10-27T10:52:37.53Z
tt7839456,8,2020-10-26T23:56:19.907Z
tt0475276,7,2020-10-24T23:04:40.386Z
tt10313218,8,2020-10-22T20:25:58.497Z
tt11760792,8,2020-10-21T19:32:06.301Z
tt0299172,7,2020-10-18T23:43:40.031Z
tt0070608,8,2020-10-15T23:52:15.962Z
tt4523530,8,2020-10-14T16:49:28.736Z
tt10375106,7,2020-10-13T00:29:30.893Z
tt9834506,7,2020-10-10T17:14:33.596Z
tt9601220,7,2020-10-10T17:13:12.29Z
tt0765429,5,2020-10-10T11:41:00.635Z
tt9072352,7,2020-10-08T23:07:00.524Z
tt3521164,7,2020-10-05T23:48:15.135Z
tt0103639,8,2020-10-05T23:48:07.767Z
tt0097757,8,2020-10-05T23:47:34.172Z
tt0133240,7,2020-10-05T23:03:29.843Z
tt0307453,7,2020-10-05T22:28:07.989Z
tt0358082,7,2020-10-05T22:27:46.226Z
tt0449088,8,2020-10-04T21:17:09.089Z
tt0383574,8,2020-10-04T11:49:59.575Z
tt0325980,8,2020-10-02T23:51:55.207Z
tt10052290,7,2020-10-01T22:05:56.755Z
tt6793580,7,2020-10-01T21:41:33.811Z
tt1179904,7,2020-09-30T23:40:24.066Z
tt1305806,7,2020-09-29T00:09:02.571Z
tt1191111,5,2020-09-27T19:37:22.433Z
tt1136608,8,2020-09-24T00:00:35.075Z
tt0443453,8,2020-09-18T16:39:34.437Z
tt1645170,5,2020-09-16T00:09:06.925Z
tt3381008,7,2020-09-16T00:08:45.954Z
tt0800241,6,2020-09-14T23:36:46.407Z
tt1152758,9,2020-09-10T22:49:35.711Z
tt0887883,7,2020-09-07T23:29:25.742Z
tt0408236,7,2020-09-02T22:57:35.16Z
tt0119174,8,2020-09-01T00:10:33.687Z
tt0443706,8,2020-09-01T00:09:50.159Z
tt3385516,5,2020-08-30T19:49:16.458Z
tt6723592,8,2020-08-27T10:10:51.672Z
tt0091530,8,2020-08-26T23:11:44.054Z
tt0118688,6,2020-08-21T09:28:36.731Z
tt0475290,6,2020-08-15T23:18:41.663Z
tt0482571,9,2020-08-14T10:02:54.968Z
tt5073642,8,2020-08-13T22:26:22.338Z
tt1433108,6,2020-08-12T08:36:20.403Z
tt0454864,7,2020-08-07T00:18:48.661Z
tt0942385,8,2020-08-05T19:01:59.483Z
tt0116282,8,2020-08-05T11:35:54.903Z
tt0472198,7,2020-08-05T01:33:49.082Z
tt0460829,8,2020-08-04T13:44:37.937Z
tt0429493,7,2020-08-04T09:34:08.421Z
tt0093058,7,2020-08-03T08:43:42.454Z
tt1028528,7,2020-08-02T17:16:56.084Z
tt0443680,9,2020-08-01T21:20:18.753Z
tt0121164,8,2020-08-01T21:07:28.83Z
tt0041094,9,2020-08-01T21:05:17.303Z
tt0121766,8,2020-08-01T12:52:57.387Z
tt0990407,6,2020-07-31T08:32:52.709Z
tt0246578,9,2020-07-31T08:31:37.731Z
tt0168122,7,2020-07-31T00:44:27.024Z
tt0472043,8,2020-07-29T23:08:02.982Z
tt0230011,8,2020-07-27T22:42:08.172Z
tt0829482,8,2020-07-26T21:24:34.051Z
tt0816692,9,2020-07-26T20:52:33.614Z
tt2294449,8,2020-07-26T20:30:58.684Z
tt0113101,6,2020-07-25T17:35:50.779Z
tt0381061,9,2020-07-24T08:07:34.389Z
tt1379182,6,2020-07-23T16:18:36.979Z
tt0468492,6,2020-07-22T23:42:36.356Z
tt4364194,8,2020-07-21T22:40:35.841Z
tt8305806,5,2020-07-21T22:15:04.697Z
tt0289043,6,2020-07-21T01:33:33.141Z
tt0449467,8,2020-07-19T19:29:54.949Z
tt5774060,8,2020-07-19T02:26:30.818Z
tt0453467,7,2020-07-17T23:51:04.432Z
tt0405296,7,2020-07-15T23:18:10.253Z
tt2379713,6,2020-07-14T22:36:54.504Z
tt8580274,7,2020-07-13T20:57:34.122Z
tt0332452,8,2020-07-12T16:16:53.689Z
tt8503618,8,2020-07-05T18:08:08.177Z
tt0115632,7,2020-07-04T15:04:49.942Z
tt0062622,10,2020-07-04T00:01:14.617Z
tt0482606,6,2020-06-25T16:40:06.671Z
tt0415306,7,2020-06-19T22:51:13.693Z
tt0298203,7,2020-06-19T20:40:30.79Z
tt1229340,8,2020-06-18T22:14:56.674Z
tt0457430,7,2020-06-18T00:26:47.342Z
tt0479884,8,2020-06-17T00:11:14.979Z
tt0441909,8,2020-06-16T00:04:54.686Z
tt0402399,9,2020-06-15T01:14:18.034Z
tt4701182,6,2020-06-14T18:41:58.368Z
tt6803046,6,2020-06-12T22:40:55.359Z
tt0367594,8,2020-06-10T07:27:39.283Z
tt0478988,8,2020-06-08T22:37:53.757Z
tt0390384,8,2020-06-08T00:49:04.388Z
tt0293508,8,2020-06-06T00:41:13.733Z
tt0369339,8,2020-06-04T00:55:12.933Z
tt0381681,8,2020-06-02T23:58:36.573Z
tt6499752,9,2020-06-02T22:53:21.931Z
tt0368447,6,2020-06-02T00:41:27.624Z
tt0286716,8,2020-06-02T00:41:07.804Z
tt5052448,8,2020-06-01T10:53:07.716Z
tt6857112,7,2020-06-01T10:52:58.886Z
tt1320261,7,2020-06-01T00:14:40.969Z
tt0119190,8,2020-05-30T18:44:42.893Z
tt0165982,9,2020-05-30T00:15:03.399Z
tt0162661,7,2020-05-29T23:58:11.924Z
tt0057546,8,2020-05-29T08:08:52.734Z
tt0290673,9,2020-05-28T22:33:49.03Z
tt0276919,6,2020-05-28T19:53:07.423Z
tt0298148,8,2020-05-28T10:09:49.054Z
tt1170358,6,2020-05-28T07:58:16.606Z
tt0272338,8,2020-05-27T18:10:54.146Z
tt0278504,8,2020-05-26T13:00:31.091Z
tt0286106,8,2020-05-25T00:46:37.702Z
tt0407304,7,2020-05-25T00:32:03.538Z
tt0287467,8,2020-05-24T02:00:00.55Z
tt0245574,6,2020-05-22T00:35:52.333Z
tt0189998,8,2020-05-21T00:22:30.316Z
tt0080339,9,2020-05-21T00:05:18.23Z
tt1206543,7,2020-05-21T00:00:32.486Z
tt0186151,8,2020-05-20T01:25:21.225Z
tt0488120,6,2020-05-19T23:20:01.183Z
tt0268695,6,2020-05-18T11:29:42.529Z
tt5691670,9,2020-05-18T11:13:45.023Z
tt0318649,7,2020-05-18T10:38:25.173Z
tt0163988,8,2020-05-17T22:20:31.989Z
tt0175880,8,2020-05-17T18:14:43.092Z
tt0120188,7,2020-05-16T01:59:25.658Z
tt0166896,9,2020-05-14T00:34:31.385Z
tt2278388,8,2020-05-13T10:35:06.099Z
tt0083907,8,2020-05-13T01:24:09.539Z
tt0120910,8,2020-05-12T19:29:54.532Z
tt5638642,8,2020-05-12T01:55:16.223Z
tt0185937,9,2020-05-11T21:39:58.573Z
tt0038166,8,2020-05-11T19:17:52.53Z
tt0185125,7,2020-05-11T00:17:50.738Z
tt0120746,7,2020-05-10T15:29:59.659Z
tt0120832,7,2020-05-09T02:11:18.281Z
tt0945513,8,2020-05-08T17:26:23.713Z
tt0120382,9,2020-05-07T21:44:57.731Z
tt0434409,8,2020-05-07T21:44:48.85Z
tt0109445,8,2020-05-07T19:46:47.187Z
tt0118749,7,2020-05-07T01:33:46.636Z
tt0125659,8,2020-05-04T21:40:09.182Z
tt2301451,0,2020-05-04T09:52:36.999Z
tt0119094,8,2020-05-04T01:04:26.162Z
tt8499638,7,2020-05-03T17:15:09.939Z
tt9204204,5,2020-05-02T23:15:01.222Z
tt0416449,9,2020-05-02T15:58:59.374Z
tt7969836,7,2020-05-02T00:59:08.351Z
tt0407887,9,2020-05-01T21:53:44.203Z
tt1431045,9,2020-05-01T21:51:36.936Z
tt1285016,9,2020-05-01T21:48:20.703Z
tt9801736,9,2020-05-01T20:27:38.577Z
tt1492966,0,2020-05-01T12:28:06.419Z
tt0074486,8,2020-05-01T12:25:18.574Z
tt0116922,7,2020-05-01T12:24:37.658Z
tt0116629,7,2020-04-30T23:41:40.614Z
tt0117500,8,2020-04-30T15:09:08.927Z
tt0311429,7,2020-04-30T01:35:07.415Z
tt0113189,8,2020-04-29T17:32:34.308Z
tt0058150,9,2020-04-29T01:00:17.846Z
tt0113627,7,2020-04-27T22:00:31.752Z
tt0112471,9,2020-04-26T23:57:45.645Z
tt8936646,8,2020-04-26T12:06:55.538Z
tt0944947,8,2020-04-24T12:32:51.156Z
tt2193021,8,2020-04-24T12:31:36.168Z
tt0096694,8,2020-04-24T12:25:08.788Z
tt0303461,0,2020-04-24T12:20:18.822Z
tt1844624,8,2020-04-24T11:54:25.911Z
tt4574334,9,2020-04-24T11:46:56.621Z
tt6025022,0,2020-04-24T11:40:31.328Z
tt1219024,0,2020-04-24T11:40:03.914Z
tt0452046,0,2020-04-24T11:39:56.793Z
tt1637574,0,2020-04-24T11:39:42.219Z
tt0206512,0,2020-04-24T11:39:32.612Z
tt6473822,0,2020-04-24T11:38:58.304Z
tt1196946,0,2020-04-24T11:36:23.973Z
tt0877057,0,2020-04-24T11:36:05.636Z
tt0460627,0,2020-04-24T11:35:21.261Z
tt2505072,0,2020-04-24T11:35:10.372Z
tt2329077,0,2020-04-24T11:34:36.991Z
tt4016454,0,2020-04-24T11:33:58.762Z
tt4154858,0,2020-04-24T11:33:50.533Z
tt0460681,9,2020-04-24T11:31:57.798Z
tt2313197,0,2020-04-24T10:51:04.369Z
tt0770806,0,2020-04-24T10:48:21.072Z
tt2140553,0,2020-04-24T10:47:27.001Z
tt0084516,7,2020-04-22T23:13:57.724Z
tt0080678,8,2020-04-22T22:02:54.262Z
tt0020530,8,2020-04-22T02:26:23.289Z
tt5334704,7,2020-04-22T02:25:35.007Z
tt0072901,9,2020-04-21T00:48:27.156Z
tt0105665,7,2020-04-20T21:41:31.488Z
tt1700841,5,2020-04-20T17:34:31.646Z
tt4093826,10,2020-04-20T10:38:04.724Z
tt0114069,7,2020-04-13T01:04:29.904Z
tt0108399,8,2020-04-11T18:55:48.454Z
tt0058715,9,2020-04-11T01:15:35.762Z
tt0082085,9,2020-04-10T10:44:40.054Z
tt0338094,8,2020-04-07T19:57:34.287Z
tt0100935,7,2020-04-07T00:31:46.294Z
tt0099871,7,2020-04-05T23:46:52.885Z
tt5300670,0,2020-04-01T17:18:12.595Z
tt0769429,0,2020-04-01T17:17:49.804Z
tt2986512,0,2020-04-01T17:17:42.016Z
tt9053874,0,2020-04-01T17:17:30.224Z
tt8758202,0,2020-04-01T17:17:22.676Z
tt8503298,0,2020-04-01T17:17:16.196Z
tt9788490,0,2020-04-01T17:17:06.383Z
tt9788492,0,2020-04-01T17:17:00.765Z
tt9788498,0,2020-04-01T17:16:54.226Z
tt9788510,0,2020-04-01T17:16:47.719Z
tt9788484,0,2020-04-01T17:16:41.827Z
tt4589574,0,2020-04-01T17:16:35.185Z
tt5709242,0,2020-04-01T17:16:26.576Z
tt5058700,0,2020-04-01T17:16:21.218Z
tt2290780,0,2020-04-01T17:16:15.626Z
tt2542420,0,2020-04-01T17:16:08.845Z
tt4538072,0,2020-04-01T17:15:54.802Z
tt4550868,0,2020-04-01T17:15:41.637Z
tt3721722,0,2020-04-01T17:15:32.994Z
tt6436804,0,2020-04-01T17:15:25.776Z
tt6436802,0,2020-04-01T17:15:04.436Z
tt6436800,0,2020-04-01T17:14:56.737Z
tt6436798,0,2020-04-01T17:14:51.109Z
tt6436796,0,2020-04-01T17:14:44.949Z
tt6436794,0,2020-04-01T17:14:39.583Z
tt5710984,0,2020-04-01T17:14:31.994Z
tt5710976,0,2020-04-01T17:14:24.754Z
tt5709250,0,2020-04-01T17:14:18.038Z
tt5710974,0,2020-04-01T17:14:11.716Z
tt5709236,0,2020-04-01T17:14:05.46Z
tt5709234,0,2020-04-01T17:13:58.223Z
tt5497778,0,2020-04-01T17:13:51.062Z
tt2089051,0,2020-04-01T17:13:44.431Z
tt2089049,0,2020-04-01T17:13:35.938Z
tt5710978,0,2020-04-01T17:13:22.994Z
tt5775864,0,2020-04-01T17:13:15.375Z
tt5709230,0,2020-04-01T17:13:08.63Z
tt3973198,0,2020-04-01T17:13:01.508Z
tt2386296,0,2020-04-01T17:12:54.836Z
tt2089050,0,2020-04-01T17:12:26.073Z
tt2779318,0,2020-04-01T17:11:19.941Z
tt1349460,0,2020-04-01T17:09:47.504Z
tt1094581,0,2020-04-01T17:09:36.199Z
tt1282022,0,2020-04-01T17:09:28.303Z
tt0097576,8,2020-03-31T03:08:34.625Z
tt0477348,9,2020-03-30T18:01:59.694Z
tt0095675,7,2020-03-29T01:19:32.771Z
tt0093822,9,2020-03-28T01:00:17.19Z
tt0090756,8,2020-03-27T02:39:40.796Z
tt0062737,7,2020-03-26T15:48:14.912Z
tt0088930,7,2020-03-25T23:35:45.319Z
tt0089530,7,2020-03-25T00:51:59.3Z
tt0790636,7,2020-03-24T18:10:10.58Z
tt0087469,9,2020-03-23T21:39:40.346Z
tt0088258,7,2020-03-22T22:39:27.454Z
tt0082694,8,2020-03-22T01:09:16.297Z
tt0079641,9,2020-03-22T00:11:16.804Z
tt0077745,9,2020-03-20T00:16:22.065Z
tt0074937,8,2020-03-18T21:58:02.444Z
tt4094724,5,2020-03-17T19:12:21.256Z
tt2184339,6,2020-03-17T19:11:03.762Z
tt1063669,8,2020-03-16T19:12:25.736Z
tt1060277,8,2020-03-15T15:57:02.311Z
tt10153510,6,2020-03-10T13:47:13.496Z
tt0840361,8,2020-03-09T08:58:46.695Z
tt0183505,7,2020-03-08T01:39:26.605Z
tt4255304,7,2020-03-07T00:49:21.531Z
tt8367814,7,2020-03-01T12:22:35.894Z
tt0120586,8,2020-02-28T17:42:42.255Z
tt7016254,5,2020-02-24T21:16:40.032Z
tt0119528,7,2020-02-16T16:20:33.476Z
tt0109040,8,2020-02-16T16:19:42.328Z
tt7131622,9,2020-02-10T23:52:33.346Z
tt6817944,6,2020-02-05T20:40:44.529Z
tt0094641,7,2020-02-04T22:17:37.451Z
tt0093565,7,2020-02-02T15:17:47.465Z
tt0232500,7,2020-01-31T23:01:14.997Z
tt0129167,9,2020-01-30T23:16:23.541Z
tt4160708,8,2020-01-30T17:15:35.417Z
tt0105812,8,2020-01-26T19:38:20.354Z
tt0107362,7,2020-01-26T19:35:40.198Z
tt0119177,8,2020-01-25T14:30:35.468Z
tt9647768,7,2020-01-25T10:52:31.04Z
tt10952782,4,2020-01-25T10:52:05.728Z
tt7984734,10,2020-01-14T15:31:24.84Z
tt7653254,7,2020-01-09T14:50:08.84Z
tt1618434,7,2020-01-09T12:23:53.744Z
tt0130623,7,2020-01-08T12:54:42.047Z
tt1636826,8,2020-01-07T13:45:15.977Z
tt8111088,7,2020-01-05T20:09:43.763Z
tt5180504,8,2020-01-05T20:09:30.99Z
tt2139881,7,2020-01-04T01:57:47.808Z
tt0110475,8,2019-12-30T23:19:09.592Z
tt0316396,7,2019-12-30T20:25:06.042Z
tt0218967,8,2019-12-30T19:52:55.596Z
tt0081505,10,2019-12-29T15:44:22.577Z
tt0082933,10,2019-12-29T13:53:08.14Z
tt0892782,7,2019-12-28T00:53:10.84Z
tt0012349,8,2019-12-25T05:52:43.662Z
tt2140479,5,2019-12-25T05:33:28.237Z
tt0107688,9,2019-12-23T21:29:01.076Z
tt0319343,7,2019-12-23T03:47:00.064Z
tt2771200,6,2019-12-23T00:14:50.925Z
tt2527338,6,2019-12-22T18:28:56.675Z
tt1408101,6,2019-12-22T14:20:13.353Z
tt0120591,5,2019-12-16T23:30:13.402Z
tt1133985,6,2019-12-16T23:30:01.993Z
tt0095016,8,2019-12-16T22:43:31.405Z
tt8404614,8,2019-12-15T21:59:01.104Z
tt0038650,9,2019-12-09T19:14:18.206Z
tt0087332,8,2019-12-09T15:41:29.94Z
tt0070239,9,2019-12-08T00:44:44.082Z
tt0405159,6,2019-12-07T18:40:09.899Z
tt1099212,7,2019-12-07T18:31:52.289Z
tt2283362,7,2019-12-07T14:04:49.037Z
tt8946378,8,2019-12-06T21:20:25.885Z
tt3402236,7,2019-12-04T23:23:59.231Z
tt2980516,6,2019-12-03T12:32:33.971Z
tt3531824,7,2019-12-03T12:27:45.229Z
tt0293662,7,2019-12-02T23:20:02.842Z
tt0102926,8,2019-12-01T23:58:42.342Z
tt0068646,8,2019-12-01T23:57:38.834Z
tt0120801,7,2019-12-01T12:20:05.265Z
tt0092005,8,2019-12-01T01:38:17.043Z
tt5613484,8,2019-11-30T12:09:09.754Z
tt0365748,8,2019-11-27T13:31:12.326Z
tt0425112,8,2019-11-27T13:30:50.48Z
tt1213663,9,2019-11-27T13:30:37.584Z
tt1950186,9,2019-11-26T00:26:34.461Z
tt9056192,6,2019-11-24T15:01:57.235Z
tt0096061,8,2019-11-22T12:30:35.566Z
tt8228288,8,2019-11-22T08:14:00.978Z
tt6597824,9,2019-11-21T12:03:58.671Z
tt0076538,7,2019-11-18T07:34:42.653Z
tt2788732,6,2019-11-18T07:34:28.123Z
tt0393162,8,2019-11-16T16:01:15.619Z
tt10199670,2,2019-11-14T23:49:26.592Z
tt0077631,8,2019-11-14T06:49:43.459Z
tt0903624,7,2019-11-11T20:08:53.256Z
tt6751668,7,2019-11-07T10:07:46.093Z
tt0364569,8,2019-11-07T10:07:09Z
tt5606664,6,2019-11-05T00:38:11.123Z
tt1457767,9,2019-11-01T23:32:58.201Z
tt8368406,8,2019-11-01T23:19:48.651Z
tt8393332,5,2019-10-31T09:02:05.317Z
tt0109506,8,2019-10-30T14:42:14.91Z
tt2734566,7,2019-10-30T14:29:04.346Z
tt2109248,4,2019-10-28T00:49:57.544Z
tt1980209,7,2019-10-28T00:49:41.962Z
tt1055369,6,2019-10-28T00:49:09.583Z
tt0418279,8,2019-10-28T00:48:58.164Z
tt0399201,6,2019-10-28T00:48:43.629Z
tt0172156,6,2019-10-28T00:48:31.794Z
tt0213149,5,2019-10-28T00:48:15.424Z
tt0112442,7,2019-10-28T00:48:00.799Z
tt0057012,8,2019-10-28T00:14:35.572Z
tt0114369,9,2019-10-27T21:20:03.119Z
tt0109830,9,2019-10-27T21:17:52.456Z
tt4550098,9,2019-10-27T21:15:19.767Z
tt0120762,9,2019-10-27T21:15:05.501Z
tt2872718,9,2019-10-27T20:28:55.702Z
tt1375666,9,2019-10-27T20:18:28.862Z
tt9788496,0,2019-10-27T20:16:00.361Z
tt9788518,0,2019-10-27T20:15:27.627Z
tt9788486,0,2019-10-27T20:15:21.27Z
tt9788502,0,2019-10-27T20:15:13.173Z
tt1190634,9,2019-10-27T20:14:04.013Z
tt2174367,9,2019-10-27T20:12:52.07Z
tt1712064,0,2019-10-27T20:11:50.514Z
tt3334704,0,2019-10-27T20:11:36.349Z
tt1568322,0,2019-10-27T20:11:16.305Z
tt1201133,0,2019-10-27T20:10:53.302Z
tt1672723,8,2019-10-27T20:09:56.189Z
tt2027128,8,2019-10-27T20:09:41.597Z
tt5775846,0,2019-10-27T20:08:06.849Z
tt4283088,0,2019-10-27T20:07:58.825Z
tt0120663,10,2019-10-27T20:07:23.796Z
tt0448011,6,2019-10-27T17:48:20.196Z
tt2404233,4,2019-10-27T14:01:29.863Z
tt0976051,6,2019-10-24T07:31:59.269Z
tt0094705,7,2019-10-24T07:23:29.601Z
tt9243946,7,2019-10-21T19:30:20.413Z
tt0060153,6,2019-10-21T11:31:55.653Z
tt1502404,5,2019-10-21T11:31:11.054Z
tt0063350,8,2019-10-20T15:31:30.793Z
tt0449059,7,2019-10-18T10:09:53.101Z
tt6063090,8,2019-10-18T07:02:18.443Z
tt5628902,4,2019-10-17T06:43:47.006Z
tt10793644,8,2019-10-16T06:59:21.345Z
tt10228168,8,2019-10-16T06:48:10.361Z
tt2861424,8,2019-10-15T22:08:35.565Z
tt0098936,9,2019-10-15T22:07:23.13Z
tt6849020,0,2019-10-15T22:06:47.916Z
tt2249079,0,2019-10-15T22:04:54.798Z
tt1000777,0,2019-10-15T22:04:47.622Z
tt0107048,9,2019-10-14T20:17:16.055Z
tt0790724,5,2019-10-14T17:18:29.163Z
tt1229238,9,2019-10-14T17:16:33.174Z
tt8193790,7,2019-10-12T15:24:13.291Z
tt8372298,5,2019-10-12T15:10:45.51Z
tt2404435,7,2019-10-11T15:52:50.23Z
tt8816194,7,2019-10-10T23:39:15.749Z
tt2369135,6,2019-10-08T09:52:51.278Z
tt0090728,8,2019-10-06T22:00:45.215Z
tt0093428,7,2019-10-02T23:35:26.313Z
tt0064757,8,2019-10-02T21:06:10.975Z
tt0099088,7,2019-09-30T21:49:52.376Z
tt0088011,8,2019-09-30T21:49:31.772Z
tt3488710,8,2019-09-30T21:49:05.054Z
tt0366548,8,2019-09-29T21:10:37.551Z
tt0079501,8,2019-09-29T21:09:15.527Z
tt0052357,8,2019-09-29T17:53:36.099Z
tt0482463,8,2019-09-28T22:28:33.764Z
tt6139732,7,2019-09-24T18:40:40.072Z
tt0092099,7,2019-09-23T21:52:30.728Z
tt0110478,8,2019-09-23T19:47:27.44Z
tt0120630,9,2019-09-23T19:47:01.374Z
tt0112462,7,2019-09-23T10:29:43.933Z
tt0093437,8,2019-09-23T10:28:52.185Z
tt0071615,6,2019-09-23T09:38:42.245Z
tt0032455,8,2019-09-22T19:53:43.203Z
tt0103994,6,2019-09-22T19:12:41.568Z
tt0093409,8,2019-09-22T10:40:18.646Z
tt0091149,7,2019-09-14T18:24:09.149Z
tt1979376,7,2019-09-12T05:54:54.934Z
tt7349950,6,2019-09-12T05:53:17.253Z
tt0083722,7,2019-09-07T12:55:41.701Z
tt0355702,7,2019-09-06T22:37:28.659Z
tt0499448,6,2019-09-06T17:29:31.24Z
tt0363771,9,2019-09-06T17:29:04.394Z
tt0091369,9,2019-09-04T11:29:32.041Z
tt0367882,6,2019-09-01T19:36:03.382Z
tt0378194,9,2019-09-01T12:09:42.508Z
tt0119396,5,2019-09-01T12:09:01.303Z
tt0076299,9,2019-08-26T22:39:19.962Z
tt0066580,9,2019-08-26T21:49:27.214Z
tt0898367,8,2019-08-25T09:38:06.634Z
tt0079944,9,2019-08-23T23:46:32.866Z
tt0401792,8,2019-08-23T23:02:09.488Z
tt0069293,8,2019-08-21T17:08:13.812Z
tt6806448,7,2019-08-21T05:59:05.741Z
tt0076752,8,2019-08-19T23:36:50.955Z
tt4731136,5,2019-08-15T20:18:21.437Z
tt0063522,9,2019-08-15T12:29:59.111Z
tt0480669,8,2019-08-13T23:32:40.73Z
tt1623205,7,2019-08-12T11:04:40.888Z
tt0088763,9,2019-08-10T21:57:27.791Z
tt0113409,8,2019-08-06T11:17:29.778Z
tt0055928,8,2019-08-06T09:06:29.976Z
tt0240772,7,2019-08-06T06:34:52.256Z
tt0831887,6,2019-08-05T13:18:14.425Z
tt0064285,8,2019-07-30T06:59:42.842Z
tt0230600,8,2019-07-28T11:03:15.484Z
tt0117883,7,2019-07-28T11:02:48.086Z
tt3416532,7,2019-07-25T18:24:25.162Z
tt4881806,4,2019-07-25T18:20:32.442Z
tt6053438,8,2019-07-23T12:09:40.571Z
tt8760684,9,2019-07-17T08:58:18.161Z
tt0054331,7,2019-07-14T21:05:47.433Z
tt1267297,7,2019-07-08T11:09:35.635Z
tt10516984,9,2019-07-08T09:29:49.865Z
tt6320628,8,2019-07-07T01:22:44.133Z
tt0327554,3,2019-07-05T07:56:37.763Z
tt7366338,9,2019-07-05T06:05:21.159Z
tt1515091,7,2019-06-26T22:34:50.939Z
tt3040964,8,2019-06-07T09:35:32.911Z
tt0438488,5,2019-06-05T21:46:29.86Z
tt1197624,8,2019-06-02T21:14:30.458Z
tt4633694,9,2019-06-02T13:25:15.774Z
tt0316654,8,2019-06-02T13:24:13.04Z
tt0145487,7,2019-06-02T13:24:01.07Z
tt6146586,8,2019-06-01T13:23:22.373Z
tt0387564,8,2019-05-28T16:36:23.704Z
tt0338751,6,2019-05-21T21:59:51.298Z
tt3605418,6,2019-05-18T11:59:49.385Z
tt4425200,9,2019-05-18T11:59:11.299Z
tt0234215,7,2019-05-18T11:55:38.144Z
tt4971344,8,2019-05-07T21:35:51.644Z
tt4131496,7,2019-05-06T20:31:20.276Z
tt0373074,8,2019-05-05T15:31:53.032Z
tt1649419,7,2019-05-03T18:28:37.527Z
tt1596365,8,2019-05-02T12:15:44.165Z
tt4154664,6,2019-05-01T18:46:56.41Z
tt0096874,8,2019-04-29T14:19:34.433Z
tt5359840,0,2019-04-29T14:03:11.096Z
tt3498820,9,2019-04-29T12:05:24.035Z
tt2802144,9,2019-04-29T12:04:35.814Z
tt0113198,9,2019-04-29T10:56:35.039Z
tt1345836,9,2019-04-29T10:55:59.203Z
tt4154796,10,2019-04-27T00:17:43.643Z
tt5420376,8,2019-04-25T16:47:33.824Z
tt0335345,10,2019-04-20T08:52:20.811Z
tt0457400,8,2019-04-13T22:09:48.124Z
tt0448115,8,2019-04-06T12:05:23.851Z
tt1212428,9,2019-04-04T22:20:57.043Z
tt0057076,7,2019-04-03T22:00:35.478Z
tt7628846,7,2019-03-29T08:47:10.701Z
tt1300854,7,2019-03-19T12:41:58.454Z
tt0800369,6,2019-03-19T12:41:44.168Z
tt2395427,8,2019-03-19T12:41:22.315Z
tt2250912,8,2019-03-19T12:40:36.307Z
tt9561862,9,2019-03-16T18:24:00.079Z
tt0478970,8,2019-03-13T14:25:16.622Z
tt0459159,9,2019-03-13T13:38:39.326Z
tt1974419,8,2019-03-12T15:54:15.949Z
tt0464141,9,2019-03-12T14:58:23.112Z
tt0974015,6,2019-03-11T12:43:56.505Z
tt1259521,5,2019-02-21T20:51:00.348Z
tt0151804,8,2019-02-21T15:17:52.468Z
tt1392214,8,2019-02-18T22:41:08.687Z
tt0473075,7,2019-02-18T06:54:17.729Z
tt1840309,7,2019-02-15T20:36:38.48Z
tt1219289,8,2019-02-15T20:35:53.542Z
tt0816711,8,2019-02-07T10:25:07.663Z
tt3748172,7,2019-01-29T14:43:49.967Z
tt3065204,8,2019-01-29T14:36:54.365Z
tt0926084,8,2019-01-27T12:01:17.027Z
tt0417741,9,2019-01-27T12:00:50.021Z
tt0373889,7,2019-01-27T12:00:42.813Z
tt0330373,8,2019-01-27T12:00:30.554Z
tt0304141,9,2019-01-27T11:59:54.419Z
tt0241527,7,2019-01-27T11:59:30.104Z
tt0295297,8,2019-01-27T11:59:24.039Z
tt1520211,8,2019-01-27T11:57:59.2Z
tt6343314,8,2019-01-25T22:08:40.491Z
tt6155172,7,2019-01-22T17:41:52.654Z
tt1825683,7,2019-01-22T16:55:36.269Z
tt0078346,8,2019-01-20T23:05:16.853Z
tt0070215,7,2019-01-11T18:47:20.021Z
tt6543652,9,2019-01-11T14:45:59.196Z
tt0154506,6,2018-12-30T13:23:15.024Z
tt0770828,8,2018-12-27T19:36:48.146Z
tt1477834,8,2018-12-27T03:21:07.871Z
tt0357413,9,2018-12-22T17:37:17.141Z
tt2798920,10,2018-12-19T09:08:23.061Z
tt5742374,9,2018-12-19T09:07:52.676Z
tt0451279,7,2018-12-12T12:39:23.606Z
tt4178092,8,2018-12-06T01:09:04.528Z
tt5592248,7,2018-12-03T13:13:03.177Z
tt2802850,9,2018-11-27T08:51:34.704Z
tt0436992,9,2018-11-27T08:48:16.957Z
tt0475784,9,2018-11-27T08:48:07.038Z
tt0448157,8,2018-11-27T00:04:16.783Z
tt3890160,9,2018-11-27T00:02:23.863Z
tt0119282,8,2018-11-25T21:42:51.864Z
tt2302755,5,2018-11-25T21:42:27.105Z
tt2096673,9,2018-11-25T21:39:55.942Z
tt0844471,8,2018-11-25T21:38:07.784Z
tt0317919,6,2018-11-25T21:35:25.405Z
tt0099348,7,2018-11-25T21:34:48.984Z
tt0113497,7,2018-11-25T21:33:39.471Z
tt0343818,8,2018-11-25T21:32:40.542Z
tt1815862,3,2018-11-19T16:52:53.455Z
tt5109784,5,2018-11-19T00:01:34.025Z
tt1959490,6,2018-11-18T23:57:07.287Z
tt0441773,8,2018-11-18T21:24:47.449Z
tt0351283,7,2018-11-18T21:24:35.546Z
tt0268380,8,2018-11-18T21:24:23.153Z
tt2245084,8,2018-11-18T21:24:00.491Z
tt0382932,9,2018-11-18T21:23:27.188Z
tt0208092,9,2018-11-18T21:22:56.169Z
tt2562232,8,2018-11-18T21:21:03.201Z
tt0120338,7,2018-11-18T21:20:40.728Z
tt0120689,7,2018-11-18T21:19:42.701Z
tt0993846,8,2018-11-18T21:19:12.261Z
tt2321549,8,2018-11-18T21:17:44.491Z
tt1591095,6,2018-11-18T21:17:37.333Z
tt0217869,9,2018-11-18T21:13:50.038Z
tt4972582,8,2018-11-18T21:13:36.295Z
tt0032553,0,2018-11-18T00:44:16.926Z
tt0103064,9,2018-11-18T00:43:24.689Z
tt5580390,8,2018-11-17T23:19:10.748Z
tt3322310,5,2018-11-13T11:51:13.154Z
tt3322314,7,2018-11-13T11:50:49.33Z
tt4230076,8,2018-11-13T11:50:35.424Z
tt2699128,10,2018-11-13T11:49:33.672Z
tt0398808,6,2018-11-13T11:48:20.77Z
tt2294629,7,2018-11-13T11:47:58.092Z
tt0081398,7,2018-11-13T11:43:56.544Z
tt6644200,9,2018-11-13T11:39:46.908Z
tt0077651,7,2018-11-13T11:39:22.656Z
tt5463162,8,2018-11-13T11:38:30.731Z
tt3778644,6,2018-11-13T11:37:51.561Z
tt1485796,8,2018-11-13T11:37:28.477Z
tt4912910,9,2018-11-13T11:36:21.643Z
tt5814060,4,2018-11-13T11:35:55.549Z
tt3606756,7,2018-11-13T11:35:35.067Z
tt1270797,5,2018-11-13T11:35:18.024Z
tt1502407,8,2018-11-13T11:34:44.334Z
tt6998518,10,2018-11-11T18:19:21.188Z
tt0137523,6,2018-04-30T07:36:11.397Z
tt0107290,8,2018-04-28T12:44:54.881Z
tt0079470,7,2018-04-28T12:44:42.613Z
tt0266697,9,2018-04-28T12:44:26.745Z
tt0090605,8,2018-04-28T12:42:59.848Z
tt1675434,7,2018-04-28T12:42:05.643Z
tt0076759,9,2018-04-28T12:41:41.692Z
tt0080684,9,2018-04-28T12:40:32.028Z
tt7388562,8,2018-04-04T22:42:24.142Z
tt4649466,6,2018-03-18T12:58:40.313Z
tt1396484,9,2018-03-18T12:57:41.321Z
tt5027774,7,2018-03-18T12:55:23.304Z
tt0120794,10,2018-03-12T20:57:26.199Z
tt0803096,7,2018-03-01T17:13:47.285Z
tt1464763,5,2018-03-01T17:00:43.691Z
tt2548396,4,2018-03-01T17:00:32.456Z
tt3472226,9,2018-02-16T14:09:10.774Z
tt5776858,9,2018-02-07T01:27:18Z
tt0117705,7,2018-01-13T00:50:22.15Z
tt5519340,6,2017-12-28T20:51:17.554Z
tt2527336,6,2017-12-19T23:37:45.613Z
tt3748528,8,2017-12-17T15:26:43.838Z
tt0110148,7,2017-12-03T00:29:41.665Z
tt0348150,5,2017-11-30T01:16:44.833Z
tt2975590,6,2017-11-20T18:26:53.462Z
tt0096895,9,2017-11-20T18:24:37.147Z
tt0800080,6,2017-11-13T13:35:44.644Z
tt1981115,6,2017-11-13T13:35:10.66Z
tt1211837,7,2017-11-13T13:34:32.653Z
tt0458339,9,2017-11-13T13:33:09.524Z
tt0077534,0,2017-11-06T21:38:07.299Z
tt0088559,8,2017-11-06T21:36:59.567Z
tt0138749,10,2017-09-12T18:06:00.255Z
tt5022702,8,2017-08-07T01:51:15.503Z
tt3076658,9,2017-07-14T17:33:28.748Z
tt1318514,9,2017-07-10T21:15:02.81Z
tt0063442,8,2017-07-10T21:13:23.838Z
tt0126029,9,2017-07-06T20:22:30.897Z
tt0829150,7,2017-06-14T17:13:35.815Z
tt1392190,10,2017-06-06T00:42:13.536Z
tt5114356,9,2017-05-19T13:47:41.785Z
tt3896198,9,2017-05-11T15:53:57.028Z
tt0831387,6,2017-03-12T22:53:23.612Z
tt0120903,7,2017-03-09T16:28:12.054Z
tt0290334,5,2017-03-09T16:27:40.812Z
tt0376994,4,2017-03-09T16:27:04.098Z
tt1270798,9,2017-03-09T16:26:12.907Z
tt1877832,9,2017-03-09T16:25:37.759Z
tt0112922,8,2017-02-28T13:01:18.123Z
tt2119532,9,2017-02-27T09:36:45.079Z
tt2707408,7,2017-02-11T18:52:05.197Z
tt3289956,8,2017-01-15T01:12:05.055Z
tt2094766,6,2017-01-09T00:20:57.78Z
tt0339291,8,2017-01-01T18:21:54.332Z
tt2543164,10,2016-12-28T20:12:18.989Z
tt4508902,9,2016-12-26T17:42:23.867Z
tt2085059,9,2016-12-10T03:51:50.213Z
tt0814255,4,2016-11-25T17:39:56.701Z
tt0089218,10,2016-11-25T17:38:26.377Z
tt2384811,10,2016-11-07T01:18:56.881Z
tt1211956,6,2016-11-06T19:28:01.442Z
tt1161864,7,2016-11-06T19:27:45.312Z
tt0450385,4,2016-11-06T19:25:39.403Z
tt0486946,7,2016-10-07T22:16:54.524Z
tt0190590,9,2016-10-06T21:12:42.275Z
tt1020996,7,2016-10-06T10:55:06.423Z
tt0088286,9,2016-09-29T16:23:19.984Z
tt4172430,8,2016-09-18T12:04:38.237Z
tt2306299,8,2016-09-14T23:29:15.86Z
tt0366551,7,2016-09-10T15:06:52.839Z
tt2820852,8,2016-08-30T19:55:59.079Z
tt1037705,8,2016-08-29T23:56:15.123Z
tt1951265,7,2016-08-26T01:35:44.159Z
tt2911666,8,2016-08-24T16:10:09.709Z
tt2660888,8,2016-08-24T01:47:27.788Z
tt0327597,9,2016-08-22T01:39:30.78Z
tt2975578,7,2016-08-17T02:40:38.725Z
tt1670345,7,2016-08-16T00:07:33.501Z
tt1502712,3,2016-08-10T12:42:05.927Z
tt1386697,6,2016-08-06T00:49:24.562Z
tt1228705,6,2016-06-17T21:48:25.375Z
tt0264464,8,2016-06-03T03:19:35.122Z
tt0338013,9,2016-06-03T03:15:14.991Z
tt0112573,7,2016-06-03T03:14:39.663Z
tt0034583,8,2016-06-03T03:12:36.264Z
tt0083866,10,2016-04-30T12:44:05.472Z
tt0457939,8,2016-04-18T14:48:14.373Z
tt0458525,6,2016-03-30T22:37:18.464Z
tt0465234,6,2016-03-30T20:57:48.766Z
tt0910970,9,2016-03-30T20:55:03.307Z
tt0317705,7,2016-03-30T20:44:52.271Z
tt1951264,9,2016-03-30T20:43:42.355Z
tt2186416,0,2016-03-30T20:41:36.555Z
tt2908446,6,2016-03-30T20:40:38.757Z
tt0960731,7,2016-02-11T15:36:37.759Z
tt2488496,8,2015-12-24T15:23:26.074Z
tt1638355,9,2015-09-10T16:55:21.74Z
tt3718778,10,2015-08-13T02:16:21.722Z
tt1075417,6,2014-12-04T22:15:28.362Z
tt1392170,8,2014-12-04T20:33:52.135Z
tt0330793,7,2014-12-03T22:16:12.245Z
tt1486217,9,2014-09-08T14:35:44.593Z
tt0289879,8,2014-09-08T12:25:04.387Z
tt1074638,8,2014-07-25T21:28:46.046Z
tt1935179,8,2014-07-25T15:32:16.83Z
tt1049413,9,2014-07-09T15:20:43.855Z
tt0363163,8,2014-07-09T15:20:35.641Z
tt0073195,8,2014-07-09T15:18:04.861Z
tt1454468,9,2014-07-09T15:17:18.983Z
tt0118799,8,2014-07-09T15:14:09.548Z
tt2356777,10,2014-05-09T14:54:38.441Z
tt0133093,9,2014-02-25T23:50:13.548Z
tt2515086,0,2013-08-25T20:40:45.054Z
tt0486576,6,2013-08-20T19:44:17.155Z
tt0120667,7,2013-08-20T19:43:32.648Z
tt1205489,9,2013-08-19T22:27:37.978Z
tt0489099,6,2013-08-13T12:50:49.22Z
tt0762125,5,2013-08-13T12:18:09.309Z
tt0368891,8,2013-08-13T12:15:54.963Z
tt0259324,7,2013-08-13T12:15:40.799Z
tt1462769,5,2013-08-13T12:01:27.136Z
tt0070047,10,2013-08-13T11:49:32.005Z
tt1032755,8,2013-08-12T13:42:47.484Z
tt0903747,10,2013-07-27T12:39:35.255Z
tt0106364,9,2013-07-24T00:35:41.456Z
tt0181689,8,2013-07-08T09:14:12.568Z
tt0401729,8,2013-07-05T14:55:50.569Z
tt0088944,7,2013-05-26T19:16:17.124Z
tt0117060,8,2013-04-27T21:23:18.103Z
tt0138097,6,2013-04-27T20:43:47.02Z
tt0299658,6,2013-04-27T20:43:02.567Z
tt0095953,9,2013-04-27T20:40:12.56Z
tt1130884,9,2013-04-27T20:39:58.078Z
tt0198781,8,2013-04-27T20:38:23.997Z
tt0075148,8,2013-04-27T20:37:01.301Z
tt0083987,7,2013-04-27T20:27:33.714Z
tt0088247,8,2013-04-27T20:26:49.728Z
tt1504320,8,2013-04-27T20:26:36.775Z
tt0892769,7,2013-04-27T20:26:21.399Z
tt0114709,7,2013-04-27T20:24:53.953Z
tt0372784,10,2013-04-27T20:24:28.513Z
tt0110357,8,2013-04-27T20:23:44.104Z
tt0435761,8,2013-04-27T20:23:07.631Z
tt0468569,10,2013-04-27T20:22:36.268Z
tt0167261,8,2013-04-27T20:20:48.411Z
tt0120737,8,2013-04-27T20:19:43.047Z
tt0108052,8,2013-04-27T20:19:12.301Z
